{"overrides":[{"predicate":{"custom_model_data":1},"model":"modelengine:crab/body"},{"predicate":{"custom_model_data":2},"model":"modelengine:crab/leg_2"},{"predicate":{"custom_model_data":3},"model":"modelengine:crab/leg_1"},{"predicate":{"custom_model_data":4},"model":"modelengine:crab/leg_4"},{"predicate":{"custom_model_data":5},"model":"modelengine:crab/leg_3"},{"predicate":{"custom_model_data":6},"model":"modelengine:crab/leg_5"},{"predicate":{"custom_model_data":7},"model":"modelengine:crab/mouth_right"},{"predicate":{"custom_model_data":8},"model":"modelengine:crab/eye_right"},{"predicate":{"custom_model_data":9},"model":"modelengine:crab/eye_left"},{"predicate":{"custom_model_data":10},"model":"modelengine:crab/mouth_left"},{"predicate":{"custom_model_data":11},"model":"modelengine:crab/leg_0"},{"predicate":{"custom_model_data":12},"model":"modelengine:crab/leg_2_bottom"},{"predicate":{"custom_model_data":13},"model":"modelengine:crab/leg_1_bottom"},{"predicate":{"custom_model_data":14},"model":"modelengine:crab/leg_4_bottom"},{"predicate":{"custom_model_data":15},"model":"modelengine:crab/leg_3_bottom"},{"predicate":{"custom_model_data":16},"model":"modelengine:crab/big_claw_top"},{"predicate":{"custom_model_data":17},"model":"modelengine:crab/big_claw_bottom"},{"predicate":{"custom_model_data":18},"model":"modelengine:crab/leg_5_bottom"},{"predicate":{"custom_model_data":19},"model":"modelengine:crab/leg_0_bottom"},{"predicate":{"custom_model_data":20},"model":"modelengine:crab/small_claw_top"},{"predicate":{"custom_model_data":21},"model":"modelengine:crab/small_claw_bottom"}],"parent":"minecraft:item/generated","textures":{"layer0":"minecraft:item/leather_horse_armor"}}