{"textures":{"0":"modelengine:entity/crab"},"elements":[{"from":[8.0,6.857143,6.5714283],"to":[12.571428,8.0,9.428572],"rotation":{"angle":0.0,"axis":"y","origin":[8.0,8.0,8.0]},"faces":{"east":{"uv":[0.0,10.75,1.25,11.25],"rotation":0,"texture":"#0","tintindex":0},"south":{"uv":[4.5,10.75,6.5,11.25],"rotation":0,"texture":"#0","tintindex":0},"north":{"uv":[1.25,10.75,3.25,11.25],"rotation":0,"texture":"#0","tintindex":0},"west":{"uv":[3.25,10.75,4.5,11.25],"rotation":0,"texture":"#0","tintindex":0},"up":{"uv":[3.25,10.75,1.25,9.5],"rotation":0,"texture":"#0","tintindex":0},"down":{"uv":[5.25,9.5,3.25,10.75],"rotation":0,"texture":"#0","tintindex":0}}}],"display":{"head":{"translation":[0.0,-6.4,0.0],"scale":[4.0,4.0,4.0]}}}