{"textures":{"0":"modelengine:entity/crab"},"elements":[{"from":[8.0,6.0,5.5],"to":[16.0,12.0,10.5],"faces":{"east":{"uv":[0.0,8.0,1.25,9.5],"tintindex":0,"rotation":0,"texture":"#0"},"south":{"uv":[4.5,8.0,6.5,9.5],"tintindex":0,"rotation":0,"texture":"#0"},"north":{"uv":[1.25,8.0,3.25,9.5],"tintindex":0,"rotation":0,"texture":"#0"},"west":{"uv":[3.25,8.0,4.5,9.5],"tintindex":0,"rotation":0,"texture":"#0"},"up":{"uv":[3.25,8.0,1.25,6.75],"tintindex":0,"rotation":0,"texture":"#0"},"down":{"uv":[5.25,6.75,3.25,8.0],"tintindex":0,"rotation":0,"texture":"#0"}}}]}