{"textures":{"0":"modelengine:entity/crab"},"elements":[{"from":[8.0,6.0,5.5],"to":[16.0,8.0,10.5],"faces":{"east":{"uv":[0.0,10.75,1.25,11.25],"tintindex":0,"rotation":0,"texture":"#0"},"south":{"uv":[4.5,10.75,6.5,11.25],"tintindex":0,"rotation":0,"texture":"#0"},"north":{"uv":[1.25,10.75,3.25,11.25],"tintindex":0,"rotation":0,"texture":"#0"},"west":{"uv":[3.25,10.75,4.5,11.25],"tintindex":0,"rotation":0,"texture":"#0"},"up":{"uv":[3.25,10.75,1.25,9.5],"tintindex":0,"rotation":0,"texture":"#0"},"down":{"uv":[5.25,9.5,3.25,10.75],"tintindex":0,"rotation":0,"texture":"#0"}}}]}