{"textures":{"0":"modelengine:entity/crab"},"elements":[{"from":[2.5,10.0,3.0],"to":[13.5,16.0,13.0],"faces":{"east":{"uv":[0.0,2.5,2.5,4.0],"tintindex":0,"rotation":0,"texture":"#0"},"south":{"uv":[7.75,2.5,10.5,4.0],"tintindex":0,"rotation":0,"texture":"#0"},"north":{"uv":[2.5,2.5,5.25,4.0],"tintindex":0,"rotation":0,"texture":"#0"},"west":{"uv":[5.25,2.5,7.75,4.0],"tintindex":0,"rotation":0,"texture":"#0"},"up":{"uv":[5.25,2.5,2.5,0.0],"tintindex":0,"rotation":0,"texture":"#0"},"down":{"uv":[8.0,0.0,5.25,2.5],"tintindex":0,"rotation":0,"texture":"#0"}}}]}