{"textures":{"0":"modelengine:entity/crab"},"elements":[{"from":[4.8571424,9.142858,5.142857],"to":[11.142858,12.571428,10.857143],"rotation":{"angle":0.0,"axis":"y","origin":[8.0,10.857143,8.0]},"faces":{"east":{"uv":[0.0,2.5,2.5,4.0],"rotation":0,"texture":"#0","tintindex":0},"south":{"uv":[7.75,2.5,10.5,4.0],"rotation":0,"texture":"#0","tintindex":0},"north":{"uv":[2.5,2.5,5.25,4.0],"rotation":0,"texture":"#0","tintindex":0},"west":{"uv":[5.25,2.5,7.75,4.0],"rotation":0,"texture":"#0","tintindex":0},"up":{"uv":[5.25,2.5,2.5,0.0],"rotation":0,"texture":"#0","tintindex":0},"down":{"uv":[8.0,0.0,5.25,2.5],"rotation":0,"texture":"#0","tintindex":0}}}],"display":{"head":{"translation":[0.0,-6.4,0.0],"scale":[4.0,4.0,4.0]}}}