{"textures":{"0":"modelengine:entity/crab"},"elements":[{"from":[8.0,8.0,7.428571],"to":[10.857143,8.0,8.571428],"rotation":{"angle":0.0,"axis":"y","origin":[8.0,8.0,8.0]},"faces":{"east":{"uv":[-0.5,2.5,0.0,2.5],"rotation":0,"texture":"#0","tintindex":0},"south":{"uv":[1.75,2.5,3.0,2.5],"rotation":0,"texture":"#0","tintindex":0},"north":{"uv":[0.0,2.5,1.25,2.5],"rotation":0,"texture":"#0","tintindex":0},"west":{"uv":[1.25,2.5,1.75,2.5],"rotation":0,"texture":"#0","tintindex":0},"up":{"uv":[1.25,2.5,0.0,2.0],"rotation":0,"texture":"#0","tintindex":0},"down":{"uv":[2.5,2.0,1.25,2.5],"rotation":0,"texture":"#0","tintindex":0}}}],"display":{"head":{"translation":[0.0,-6.4,0.0],"scale":[4.0,4.0,4.0]}}}