{"textures":{"0":"modelengine:entity/crab"},"elements":[{"from":[7.5,5.0,6.0],"to":[8.5,8.0,6.0],"faces":{"south":{"uv":[0.25,1.25,0.5,2.0],"tintindex":0,"rotation":0,"texture":"#0"},"north":{"uv":[0.0,1.25,0.25,2.0],"tintindex":0,"rotation":0,"texture":"#0"}},"rotation":{"origin":[8.0,8.0,6.0],"angle":0.0,"axis":"x"}},{"from":[7.5,8.0,6.0],"to":[8.5,8.0,8.0],"faces":{"up":{"uv":[0.25,1.25,0.0,0.75],"tintindex":0,"rotation":0,"texture":"#0"},"down":{"uv":[0.5,0.75,0.25,1.25],"tintindex":0,"rotation":0,"texture":"#0"}}}]}