{"textures":{"0":"modelengine:entity/crab"},"elements":[{"from":[7.714286,8.0,6.857143],"to":[8.285714,8.0,8.0],"rotation":{"angle":0.0,"axis":"y","origin":[8.0,8.0,8.0]},"faces":{"east":{"uv":[-0.5,1.25,0.0,1.25],"rotation":0,"texture":"#0","tintindex":0},"south":{"uv":[0.75,1.25,1.0,1.25],"rotation":0,"texture":"#0","tintindex":0},"north":{"uv":[0.0,1.25,0.25,1.25],"rotation":0,"texture":"#0","tintindex":0},"west":{"uv":[0.25,1.25,0.75,1.25],"rotation":0,"texture":"#0","tintindex":0},"up":{"uv":[0.25,1.25,0.0,0.75],"rotation":0,"texture":"#0","tintindex":0},"down":{"uv":[0.5,0.75,0.25,1.25],"rotation":0,"texture":"#0","tintindex":0}}},{"from":[7.714286,6.285714,6.857143],"to":[8.285714,8.0,6.857143],"rotation":{"angle":0.0,"axis":"x","origin":[8.0,8.0,6.857143]},"faces":{"east":{"uv":[0.0,1.25,0.0,2.0],"rotation":0,"texture":"#0","tintindex":0},"south":{"uv":[0.25,1.25,0.5,2.0],"rotation":0,"texture":"#0","tintindex":0},"north":{"uv":[0.0,1.25,0.25,2.0],"rotation":0,"texture":"#0","tintindex":0},"west":{"uv":[0.25,1.25,0.25,2.0],"rotation":0,"texture":"#0","tintindex":0},"up":{"uv":[0.25,1.25,0.0,1.25],"rotation":0,"texture":"#0","tintindex":0},"down":{"uv":[0.5,1.25,0.25,1.25],"rotation":0,"texture":"#0","tintindex":0}}}],"display":{"head":{"translation":[0.0,-6.4,0.0],"scale":[4.0,4.0,4.0]}}}