{"textures":{"0":"modelengine:entity/crab"},"elements":[{"from":[3.0,6.0,6.5],"to":[8.0,8.0,9.5],"faces":{"east":{"uv":[0.0,6.25,0.75,6.75],"tintindex":0,"rotation":0,"texture":"#0"},"south":{"uv":[2.75,6.25,4.0,6.75],"tintindex":0,"rotation":0,"texture":"#0"},"north":{"uv":[0.75,6.25,2.0,6.75],"tintindex":0,"rotation":0,"texture":"#0"},"west":{"uv":[2.0,6.25,2.75,6.75],"tintindex":0,"rotation":0,"texture":"#0"},"up":{"uv":[2.0,6.25,0.75,5.5],"tintindex":0,"rotation":0,"texture":"#0"},"down":{"uv":[3.25,5.5,2.0,6.25],"tintindex":0,"rotation":0,"texture":"#0"}}}]}