{"textures":{"0":"modelengine:entity/crab"},"elements":[{"from":[3.0,7.0,6.5],"to":[8.0,10.0,9.5],"faces":{"east":{"uv":[0.0,4.75,0.75,5.5],"tintindex":0,"rotation":0,"texture":"#0"},"south":{"uv":[2.75,4.75,4.0,5.5],"tintindex":0,"rotation":0,"texture":"#0"},"north":{"uv":[0.75,4.75,2.0,5.5],"tintindex":0,"rotation":0,"texture":"#0"},"west":{"uv":[2.0,4.75,2.75,5.5],"tintindex":0,"rotation":0,"texture":"#0"},"up":{"uv":[2.0,4.75,0.75,4.0],"tintindex":0,"rotation":0,"texture":"#0"},"down":{"uv":[3.25,4.0,2.0,4.75],"tintindex":0,"rotation":0,"texture":"#0"}}}]}