{"textures":{"0":"modelengine:entity/crab"},"elements":[{"from":[5.142857,7.428571,7.142857],"to":[8.0,9.142858,8.857143],"rotation":{"angle":0.0,"axis":"y","origin":[8.0,8.0,8.0]},"faces":{"east":{"uv":[0.0,4.75,0.75,5.5],"rotation":0,"texture":"#0","tintindex":0},"south":{"uv":[2.75,4.75,4.0,5.5],"rotation":0,"texture":"#0","tintindex":0},"north":{"uv":[0.75,4.75,2.0,5.5],"rotation":0,"texture":"#0","tintindex":0},"west":{"uv":[2.0,4.75,2.75,5.5],"rotation":0,"texture":"#0","tintindex":0},"up":{"uv":[2.0,4.75,0.75,4.0],"rotation":0,"texture":"#0","tintindex":0},"down":{"uv":[3.25,4.0,2.0,4.75],"rotation":0,"texture":"#0","tintindex":0}}}],"display":{"head":{"translation":[0.0,-6.4,0.0],"scale":[4.0,4.0,4.0]}}}