{"textures":{"0":"modelengine:entity/crab"},"elements":[{"from":[5.142857,6.857143,7.142857],"to":[8.0,8.0,8.857143],"rotation":{"angle":0.0,"axis":"y","origin":[8.0,8.0,8.0]},"faces":{"east":{"uv":[0.0,6.25,0.75,6.75],"rotation":0,"texture":"#0","tintindex":0},"south":{"uv":[2.75,6.25,4.0,6.75],"rotation":0,"texture":"#0","tintindex":0},"north":{"uv":[0.75,6.25,2.0,6.75],"rotation":0,"texture":"#0","tintindex":0},"west":{"uv":[2.0,6.25,2.75,6.75],"rotation":0,"texture":"#0","tintindex":0},"up":{"uv":[2.0,6.25,0.75,5.5],"rotation":0,"texture":"#0","tintindex":0},"down":{"uv":[3.25,5.5,2.0,6.25],"rotation":0,"texture":"#0","tintindex":0}}}],"display":{"head":{"translation":[0.0,-6.4,0.0],"scale":[4.0,4.0,4.0]}}}